﻿Nombre,Descripción,Horas,Módulos,Categoría,Imagen_Destacada,Destacado,notion_url
WhatsApp Business Estratégico,Curso práctico para implementar WhatsApp Business como herramienta comercial.,12,8,Experiencial,whatsapp.jpg,Yes,2ac6754dbb0a80119292d8319cbaabbd
Marketing de Contenidos,"Crea contenido estratégico para redes sociales, blogs y campañas digitales.",16,10,Creativo,analyzing-marketing-tools-ehvn58a.jpg,Yes,2ac6754dbb0a80dc8784e4574849cbaf
Diseño de Experiencias Digitales,Aprende UX/UI aplicado a productos digitales modernos.,10,6,UX/UI,que-es-un-diseador-de-experiencia.jpg,Yes,2ac6754dbb0a802ca133dd59a90f5143
Comunicación Digital Empática,Construí relaciones auténticas aplicando escucha activa y tono de marca.,8,6,Comunicación,empatia-virtual.jpg,Yes,2ac6754dbb0a80119292d8319cbaabbd
Automatización Humanizada con Chatbots,Diseñá flujos conversacionales que resuelvan sin perder el toque humano.,10,7,Automatización,chatbots.webp,Yes,2ac6754dbb0a800cb8afe5db18af404d
Estrategia de Marca Personal Digital,Construí tu presencia profesional en redes y plataformas educativas.,9,5,Branding,marcapersonal.webp,Yes,2ac6754dbb0a8005be2fd0de6f514d9c