﻿Nombre,Categoría,Descripción,Destacado,Horas,Imagen_Destacada,Módulos,notion_url
WhatsApp Business Estratégico,Experiencial,Curso práctico para implementar WhatsApp Business como herramienta comercial.,Yes,12,whatsapp.jpg,8,2ac6754dbb0a80119292d8319cbaabbd
Marketing de Contenidos,Creativo,"Crea contenido estratégico para redes sociales, blogs y campañas digitales.",Yes,16,analyzing-marketing-tools-ehvn58a.jpg,10,2ac6754dbb0a80dc8784e4574849cbaf
Diseño de Experiencias Digitales,UX/UI,Aprende UX/UI aplicado a productos digitales modernos.,Yes,10,que-es-un-diseador-de-experiencia.jpg,6,2ac6754dbb0a802ca133dd59a90f5143
Comunicación Digital Empática,Comunicación,Construí relaciones auténticas aplicando escucha activa y tono de marca.,Yes,8,empatia-virtual.jpg,6,2ac6754dbb0a80119292d8319cbaabbd
Automatización Humanizada con Chatbots,Automatización,Diseñá flujos conversacionales que resuelvan sin perder el toque humano.,Yes,10,chatbots.webp,7,2ac6754dbb0a800cb8afe5db18af404d
Estrategia de Marca Personal Digital,Branding,Construí tu presencia profesional en redes y plataformas educativas.,Yes,9,marcapersonal.webp,5,2ac6754dbb0a8005be2fd0de6f514d9c